url_length,num_dots,num_hyphens,num_digits,has_at_symbol,has_ip,num_subdomains,entropy,num_forms,num_inputs,has_password,num_iframes,keyword_score,bert_score
36,2,0,0,0,0,1,3.8145364592347777,1,8,0,0,1,0.7065286636352539
64,3,0,6,1,0,1,4.183518072054204,1,1,1,0,1,0.9992297887802124
65,2,0,4,0,0,1,4.210604453138332,1,5,0,0,12,0.8894364833831787
23,1,0,2,0,0,0,3.9361804341297555,0,0,0,0,2,0.9990241527557373
38,2,0,0,0,0,0,4.155565013329719,1,3,1,0,1,0.9887366890907288
50,3,0,0,1,0,0,4.453660689688186,1,3,1,0,1,0.9887366890907288
62,2,3,0,0,0,1,4.3548654152889466,0,0,0,0,8,0.9994335770606995
67,2,3,0,0,0,1,4.201762840896808,0,0,0,0,8,0.9994335770606995
61,2,3,0,0,0,1,4.337974788446958,0,0,0,0,8,0.9994335770606995
49,2,0,3,0,0,1,4.414119610986424,1,5,0,0,12,0.8894364833831787
114,4,2,16,0,0,3,5.0157961862865665,0,0,0,0,1,0.9918559789657593
45,3,0,0,0,0,1,3.9390908078646256,1,2,1,0,7,0.7650953531265259
46,3,0,0,0,0,1,3.944666510772433,1,2,1,0,7,0.7650953531265259
44,2,2,6,0,0,1,4.311037868342278,1,13,0,0,3,0.9808674454689026
55,2,3,6,0,0,1,4.407743804040392,0,0,0,0,1,0.9848004579544067
37,2,2,6,0,0,1,4.303783770917412,1,6,0,0,4,0.8487614393234253
49,2,2,6,0,0,1,4.408191160875132,1,2,0,0,3,0.7126674652099609
26,2,0,0,0,0,1,3.9500637564362093,1,8,0,0,1,0.992641031742096
39,1,0,1,0,0,0,3.904009834735909,1,1,0,0,0,0.989069938659668
40,1,2,0,0,0,0,4.125070520364182,0,0,0,0,1,0.9488963484764099
51,2,2,0,0,0,0,4.131183009929774,0,0,0,0,1,0.9488963484764099
44,2,2,0,0,0,1,4.217859107657963,0,0,0,0,1,0.9488963484764099
41,2,3,0,0,0,1,4.055501322050909,0,0,0,0,0,0.9876577854156494
39,2,1,0,0,0,1,4.057855988582063,0,0,0,0,2,0.987022340297699
42,2,2,0,0,0,1,4.0556753873640545,0,0,0,0,1,0.9863130450248718
42,2,1,0,0,0,1,4.234479554133744,0,0,0,0,18,0.8698177933692932
35,2,1,0,0,0,1,4.028445159431229,0,0,0,0,0,0.9801193475723267
26,2,0,3,0,0,1,4.026986833359286,1,5,0,0,2,0.9940869808197021
34,2,0,0,0,0,1,4.0796786498829745,1,9,0,0,1,0.9963086247444153
33,2,1,0,0,0,1,4.0785061502394475,2,9,0,0,2,0.9765074253082275
37,2,2,6,0,0,1,4.371087149178846,1,13,0,0,3,0.9526655673980713
34,2,0,3,0,0,1,4.172185915404347,1,13,0,0,2,0.8777371048927307
40,2,1,2,0,0,1,4.234183719779189,2,8,0,0,4,0.9486960768699646
48,2,4,0,0,0,1,4.167481250360579,1,14,0,0,6,0.9794425368309021
36,2,2,6,0,0,1,4.065079515030718,1,13,0,0,1,0.9846801161766052
56,2,1,4,0,0,1,4.505678975815086,1,8,0,0,2,0.9944697618484497
27,2,0,1,0,0,1,4.106377316818028,1,9,0,0,1,0.9644954800605774
40,2,0,0,0,0,1,3.975070520364181,1,13,0,0,3,0.9143112301826477
31,2,3,0,0,0,1,4.106949132758152,1,9,0,0,0,0.9593938589096069
40,2,2,6,0,0,1,4.225070520364182,1,13,0,0,3,0.8444631099700928
46,2,2,6,0,0,1,4.501397825434102,1,13,0,0,4,0.9739582538604736
40,2,0,0,0,0,1,4.103055907333275,2,10,0,0,5,0.9829239249229431
42,2,2,6,0,0,1,4.33209539866017,1,13,0,0,2,0.9633938074111938
48,2,0,4,0,0,1,4.313721875540868,1,10,0,0,0,0.9602066278457642
51,2,4,6,0,0,1,4.397532204546911,1,3,0,0,2,0.8884627819061279
38,2,2,6,0,0,1,4.260828171224455,1,13,0,0,3,0.9507778286933899
28,2,0,0,0,0,1,4.182005814760214,1,9,0,0,2,0.5509127974510193
42,2,2,6,0,0,1,4.248529327128575,1,13,0,0,3,0.9679806232452393
39,2,2,6,0,0,1,4.131054782742918,3,39,0,0,1,0.9238662719726562
45,2,0,6,0,0,1,4.491418651692921,1,8,0,0,2,0.646155595779419
29,2,0,5,0,0,1,4.349191770915039,1,8,0,0,2,0.9811615943908691
41,2,2,6,0,0,1,4.424267553240269,1,13,0,0,1,0.8334531784057617
43,2,0,0,0,0,1,4.297675800911846,1,10,0,0,2,0.9270483255386353
45,2,0,0,0,0,1,4.061530252405224,1,8,0,0,3,0.9883503913879395
32,2,0,4,0,0,1,3.952819531114783,1,8,0,0,3,0.9914953708648682
41,2,0,3,0,0,1,4.259514199528964,1,8,0,0,2,0.646155595779419
41,2,2,8,0,0,1,4.735362370366206,1,8,0,0,0,0.9891019463539124
43,2,2,6,0,0,1,4.315231324217973,1,13,0,0,1,0.7451188564300537
39,2,2,6,0,0,1,4.419391000636162,1,13,0,0,4,0.6751981377601624
27,2,0,0,0,0,1,3.838039816898156,1,9,0,0,2,0.9861724972724915
42,2,2,6,0,0,1,4.377336696990887,1,13,0,0,4,0.9309657216072083
29,2,0,0,0,0,1,4.21126073643228,1,8,0,0,2,0.5894675850868225
30,2,0,5,0,0,1,4.1898980954642875,1,8,0,0,1,0.925001859664917
45,2,2,6,0,0,1,4.391635874011298,1,2,0,0,5,0.997757613658905
39,2,2,6,0,0,1,3.933375143139157,1,13,0,0,3,0.9774322509765625
47,2,2,0,0,0,1,4.319714383224282,1,7,0,0,3,0.9908758401870728
44,2,2,6,0,0,1,4.40796201621706,2,36,0,0,5,0.9946675300598145
35,2,1,2,0,0,1,4.107156230921613,1,13,0,0,3,0.9786998629570007
43,2,2,6,0,0,1,4.228363010415425,1,13,0,0,1,0.7451188564300537
26,2,0,0,0,0,1,3.9500637564362093,1,8,0,0,2,0.6696945428848267
38,2,0,18,0,0,1,4.37636394821296,1,8,0,0,0,0.9432919025421143
31,2,0,0,0,0,1,3.9134007456613773,1,8,0,0,2,0.9122052192687988
44,2,0,6,0,0,1,4.436260027531526,1,8,0,0,2,0.646155595779419
26,2,0,3,0,0,1,4.2098671219040344,2,9,0,0,1,0.9352567791938782
30,2,0,0,0,0,1,3.9898980954642878,1,8,0,0,3,0.9764545559883118
36,2,0,0,0,0,1,4.062305474194333,2,12,0,0,4,0.9681776762008667
33,2,1,3,0,0,1,4.187889194919351,1,6,0,0,1,0.9914054870605469
40,2,0,7,0,0,1,4.306198332810095,1,8,0,0,1,0.9727023243904114
33,2,1,0,0,0,1,4.248495255525412,1,8,0,0,3,0.9509153366088867
35,2,1,0,0,0,1,4.4575751596784805,1,9,0,0,3,0.960432767868042
46,2,2,6,0,0,1,4.0498565225391685,1,13,0,0,1,0.9918255805969238
40,2,2,6,0,0,1,4.296439344671016,2,26,0,0,1,0.9869148135185242
34,2,0,2,0,0,1,4.160704752887782,1,8,0,0,2,0.981279730796814
39,2,1,0,0,0,1,4.141064001347103,2,5,0,1,7,0.9936202168464661
42,2,0,0,0,0,1,4.272804327334621,1,8,0,0,2,0.9931182861328125
39,2,2,6,0,0,1,4.336182987871123,2,26,0,0,3,0.9751715660095215
28,2,1,0,0,0,1,4.0836169753972325,2,10,0,0,4,0.9945124387741089
45,2,2,6,0,0,1,4.124613375544554,1,13,0,0,5,0.9204918742179871
52,2,4,18,0,0,1,4.496032208850887,2,10,0,0,3,0.9803909063339233
39,2,1,4,0,0,1,4.3236131161871985,1,8,0,0,2,0.897016704082489
49,2,2,6,0,0,1,4.333199894738245,1,13,0,0,2,0.6050511598587036
29,2,0,0,0,0,1,4.1852301329094015,1,8,0,0,2,0.981279730796814
32,2,0,2,0,0,1,4.093139062229566,1,3,0,0,2,0.9901060461997986
37,2,0,0,0,0,1,4.1317695012795665,2,10,0,0,6,0.9420033097267151
26,2,0,5,0,0,1,4.132944044980958,1,8,0,0,0,0.9911999106407166
31,2,0,0,0,0,1,3.9937305842314763,0,0,0,0,2,0.9992507100105286
45,2,2,6,0,0,1,4.4003105301349255,1,13,0,0,2,0.9765240550041199
41,2,2,6,0,0,1,3.9787879799112345,1,2,0,0,2,0.9800639152526855
41,2,0,0,0,0,1,4.247557492317426,1,8,0,0,3,0.9168123006820679
35,2,0,0,0,0,1,4.171860873964196,0,0,0,0,2,0.9992507100105286
31,2,0,3,0,0,1,4.260332600569877,1,8,0,0,1,0.9920092821121216
30,2,1,0,0,0,1,4.0062389286533895,1,9,0,0,9,0.9960861206054688
32,2,1,0,0,0,1,3.8667292966721747,1,10,0,0,3,0.9970183372497559
25,1,1,0,0,0,0,3.433269689515107,0,0,0,0,0,0.9384305477142334
33,1,1,8,0,0,0,3.861983513035609,0,0,0,0,0,0.9384305477142334
40,2,3,0,0,0,1,4.046439344671015,0,0,0,0,0,0.9964790940284729
25,1,0,0,0,0,0,3.8634651896016465,7,28,0,0,7,0.9739066958427429
39,2,1,0,0,0,1,4.2336188853070205,0,0,0,0,13,0.9941786527633667
44,2,1,3,0,0,1,4.3736489479369025,0,0,0,0,13,0.9941786527633667
30,2,1,0,0,0,1,4.072905595320056,1,3,1,0,5,0.9995243549346924
67,1,0,6,0,0,0,4.974754631073238,1,15,0,0,10,0.99797123670578
29,2,0,0,0,0,1,4.090234012145144,1,1,1,0,0,0.9814510941505432
35,2,1,0,0,0,1,4.01158543183743,0,0,0,0,3,0.8874478340148926
37,2,1,0,0,0,1,4.003259028248122,0,0,0,0,3,0.8874478340148926
34,2,1,0,0,0,1,4.101881223476018,0,0,0,0,3,0.9894038438796997
32,2,1,0,0,0,1,4.038909765557392,0,0,0,0,3,0.9894038438796997
93,5,2,17,0,0,3,5.024448903144395,0,0,0,0,1,0.9945841431617737
22,1,2,0,0,0,0,3.7544418457133446,1,1,0,0,0,0.9961037635803223
28,2,0,0,0,0,1,4.03914867190307,1,2,1,0,1,0.9717279672622681
78,4,6,9,0,0,3,4.802726058711679,0,1,0,0,0,0.993948221206665
57,2,2,0,0,0,1,4.4821230236438465,0,0,0,0,0,0.8786362409591675
49,2,2,0,0,0,1,4.394823364302609,0,0,0,0,0,0.8786362409591675
53,2,2,0,0,0,1,4.585857718469221,0,0,0,0,0,0.8786362409591675
31,2,1,0,0,0,1,4.091135423220312,0,0,0,0,10,0.9951468110084534
33,2,1,0,0,0,1,4.089552452560668,0,0,0,0,10,0.9951468110084534
59,2,1,0,0,0,1,4.374712762739331,0,0,0,0,0,0.9588030576705933
33,2,2,1,0,0,1,4.104407755459851,0,3,0,1,8,0.9956799745559692
32,2,2,1,0,0,1,4.093139062229566,0,3,0,1,8,0.9956799745559692
25,2,0,2,0,0,1,3.943465189601646,1,23,1,0,0,0.7148751616477966
39,2,0,3,0,0,1,4.419391000636162,0,0,0,1,0,0.7006426453590393
34,2,0,0,0,0,1,3.8780682683455234,1,3,1,0,5,0.9995243549346924
24,2,0,0,0,0,1,3.8553885422075345,1,3,1,0,5,0.9995243549346924
40,2,1,1,0,0,1,4.125070520364181,0,0,0,0,2,0.988116979598999
233,2,2,21,0,0,1,5.821906052264689,0,1,0,1,3,0.9772217273712158
199,2,2,11,0,0,1,5.7040221742538115,0,0,0,0,0,0.9995619654655457
27,1,0,0,0,0,0,3.838039816898156,0,0,0,0,0,0.6130987405776978
34,2,2,0,0,0,1,4.101881223476019,0,0,0,0,24,0.9990662932395935
32,2,2,0,0,0,1,4.125,0,0,0,0,24,0.9990662932395935
43,2,0,0,0,0,1,4.144417883102941,0,0,0,0,1,0.9866340160369873
36,2,0,0,0,0,1,4.204511459715548,0,0,0,0,1,0.9627029299736023
38,2,0,0,0,0,1,4.208196592277087,0,0,0,0,1,0.9627029299736023
42,2,3,0,0,0,1,4.27280432733462,0,0,0,0,24,0.9966481328010559
40,2,3,0,0,0,1,4.296439344671016,0,0,0,0,24,0.9966481328010559
33,2,1,0,0,0,1,4.2107645737727895,0,0,0,0,3,0.9834117889404297
31,2,1,0,0,0,1,4.15565155225257,0,0,0,0,3,0.9834117889404297
38,2,1,0,0,0,1,4.293594289588575,0,0,0,0,0,0.94515460729599
40,2,1,0,0,0,1,4.265311532225102,0,0,0,0,0,0.94515460729599
41,2,2,0,0,0,1,4.006720834246031,0,0,0,5,3,0.987509548664093
24,1,1,0,0,0,0,3.6531071683628116,0,0,0,0,0,0.6130987405776978
26,1,0,0,0,0,0,4.2098671219040344,0,0,0,0,0,0.6130987405776978
20,1,1,0,0,0,0,3.821928094887362,0,0,0,0,0,0.6130987405776978
32,1,1,1,0,0,0,4.054229296672174,1,2,0,1,16,0.9956965446472168
38,2,1,1,0,0,0,4.02780835616463,1,2,0,1,16,0.9956965446472168
38,2,2,0,0,0,1,4.0105709342684825,0,0,0,0,22,0.9321133494377136
42,2,3,0,0,0,1,4.064354624902157,0,0,0,0,15,0.9972572922706604
36,2,0,0,0,0,1,3.7736843762620227,0,0,0,0,0,0.9964790940284729
32,1,1,1,0,0,0,4.054229296672174,1,2,0,1,16,0.9956965446472168
38,2,1,1,0,0,0,4.02780835616463,1,2,0,1,16,0.9956965446472168
31,1,1,1,0,0,0,4.0667842134731025,1,2,0,1,15,0.9956965446472168
38,2,1,1,0,0,0,4.02780835616463,1,2,0,1,15,0.9956965446472168
78,4,1,4,0,0,1,4.285026822716757,0,5,0,0,6,0.9829156398773193
24,1,0,0,0,0,0,3.8553885422075345,0,0,0,0,0,0.6130987405776978
30,1,1,12,0,0,0,3.923231428797621,0,0,0,0,0,0.9384305477142334
51,3,0,0,1,0,1,3.7801999799319295,1,1,1,0,1,0.99904865026474
55,2,2,2,0,0,1,4.335016531313119,1,3,0,0,3,0.9991673231124878
20,1,0,0,0,0,0,3.446439344671015,0,0,0,0,0,0.6130987405776978
32,1,1,1,0,0,0,4.054229296672174,1,2,0,1,15,0.9956965446472168
38,2,1,1,0,0,0,4.02780835616463,1,2,0,1,15,0.9956965446472168
126,3,1,22,0,0,1,4.704091628801537,0,0,0,0,3,0.992305338382721
22,1,1,4,0,0,0,3.7887549139935026,0,0,0,0,0,0.9384305477142334
30,1,1,12,0,0,0,4.12323142879762,0,0,0,0,0,0.9384305477142334
40,2,0,0,0,0,1,4.018453957701921,0,2,1,1,0,0.6932256817817688
43,3,0,6,0,0,2,4.350342370830227,1,4,0,0,7,0.994724690914154
70,2,3,0,0,0,1,4.250712218568287,0,0,0,0,8,0.9994335770606995
70,2,3,0,0,0,1,4.250712218568287,0,0,0,0,8,0.9994335770606995
21,2,0,0,0,0,1,3.630412660873998,1,3,1,0,5,0.9987888932228088
33,1,0,2,0,0,0,4.354852073838349,0,0,0,0,1,0.9993694424629211
33,1,0,1,0,0,0,4.354852073838349,0,0,0,0,1,0.9993694424629211
20,1,1,4,0,0,0,3.7841837197791888,0,0,0,0,0,0.9384305477142334
28,1,1,12,0,0,0,4.012188403968661,0,0,0,0,0,0.9384305477142334
94,4,5,12,0,0,3,5.122022730985105,0,0,0,0,2,0.976473331451416
25,1,1,0,0,0,0,3.543465189601646,0,0,0,0,0,0.9384305477142334
33,1,1,8,0,0,0,3.945464952495108,0,0,0,0,0,0.9384305477142334
23,1,1,3,0,0,0,3.8820451081368628,0,0,0,0,0,0.9384305477142334
31,1,1,11,0,0,0,4.0022680844408445,0,0,0,0,0,0.9384305477142334
21,1,1,4,0,0,0,3.784941827437642,0,0,0,0,0,0.9384305477142334
29,1,1,12,0,0,0,4.021268494903765,0,0,0,0,0,0.9384305477142334
26,2,0,5,0,0,1,3.8441065448145375,1,2,0,1,16,0.9956965446472168
37,3,0,5,0,0,1,3.9315016760304564,1,2,0,1,16,0.9956965446472168
31,2,0,5,0,0,1,4.17146526179041,1,2,0,1,16,0.9956965446472168
42,3,0,5,0,0,1,4.218883791465802,1,2,0,1,16,0.9956965446472168
28,2,0,5,0,0,1,3.9677201004744984,1,2,0,1,16,0.9956965446472168
39,3,0,5,0,0,1,3.9065704878156495,1,2,0,1,16,0.9956965446472168
29,2,0,5,0,0,1,4.0472990984266435,1,2,0,1,16,0.9956965446472168
40,3,0,5,0,0,1,4.108694969562841,1,2,0,1,16,0.9956965446472168
28,2,0,5,0,0,1,4.110577243331641,1,2,0,1,16,0.9956965446472168
39,3,0,5,0,0,1,4.1436246544268425,1,2,0,1,16,0.9956965446472168
28,1,0,3,0,0,0,4.110577243331642,0,0,0,0,4,0.9990473389625549
126,3,1,22,0,0,1,4.704091628801537,0,0,0,0,3,0.992305338382721
68,2,3,0,0,0,1,4.22356477677675,0,0,0,0,8,0.9994335770606995
42,3,0,2,0,0,1,4.153291231890481,0,0,0,0,0,0.9914119243621826
61,5,2,1,0,0,3,4.06806669915663,1,3,1,1,9,0.9991494417190552
59,3,1,17,0,0,1,4.681052320724872,0,2,0,1,2,0.9769680500030518
44,3,0,0,0,0,1,4.0666086069294725,1,1,0,0,0,0.9937299489974976
39,2,2,0,0,0,1,4.131054782742918,1,5,0,0,1,0.9860339760780334
125,2,6,16,0,0,1,4.653416909732727,2,20,1,0,3,0.9991746544837952
84,2,0,10,0,0,1,5.119771553855177,0,2,0,1,2,0.9993454813957214
30,2,0,5,0,0,1,4.081727678869736,3,4,1,0,5,0.9996248483657837
39,2,0,0,0,0,1,3.935935796218897,1,3,1,0,3,0.9995800852775574
40,2,0,0,0,0,1,3.9250705203641814,1,3,1,0,3,0.9995800852775574
35,1,0,0,0,0,0,3.758592489772477,1,1,0,2,6,0.9977425336837769
37,1,0,0,0,0,0,3.7843437452721784,1,1,0,2,6,0.9977425336837769
46,1,0,9,0,0,0,4.289411957509904,2,5,0,1,4,0.9905845522880554
65,4,0,11,0,0,2,4.697152959375877,0,3,1,0,7,0.7761198282241821
26,1,1,0,0,0,0,3.767183467891461,0,0,0,0,1,0.9750272631645203
28,1,1,0,0,0,0,3.8423709931771084,0,0,0,0,1,0.9750272631645203
48,2,1,0,0,0,1,4.06009897155635,1,3,1,0,6,0.9663991928100586
79,4,1,15,0,0,2,4.9223196353952385,1,4,0,1,1,0.9958059787750244
46,3,0,4,0,0,1,4.229871195093383,1,2,1,0,2,0.9939451813697815
48,2,0,0,0,0,1,4.167481250360579,1,2,1,0,3,0.9959532022476196
49,2,0,0,0,0,1,4.1599299968673655,1,2,1,0,3,0.9959532022476196
146,2,3,13,0,0,1,5.550007032273155,0,0,0,0,2,0.999427318572998
88,4,0,6,0,0,2,4.913826295133381,1,2,1,0,10,0.9913212656974792
32,1,1,0,0,0,0,3.7775182662886326,0,1,0,1,2,0.9967851638793945
52,3,0,12,0,0,2,4.397581911182352,0,1,0,1,2,0.9967851638793945
38,2,0,0,0,0,1,3.9682119744148823,0,0,0,0,5,0.9992990493774414
36,2,0,0,0,0,1,3.9857808213564594,0,0,0,0,5,0.9992990493774414
35,2,0,0,0,0,1,4.136286231168866,1,1,0,1,0,0.9972273707389832
34,2,0,0,0,0,1,4.124083797069061,1,1,0,1,0,0.9972273707389832
37,1,0,5,0,0,0,4.303783770917413,0,0,0,0,0,0.9872138500213623
41,2,3,0,0,0,1,4.125129443325869,2,7,0,0,5,0.9477292895317078
49,2,5,0,0,0,1,4.165858446978658,2,7,0,0,5,0.9477292895317078
35,1,3,0,0,0,0,4.050013373778756,2,7,0,0,5,0.9477292895317078
20,1,0,0,0,0,0,3.7841837197791888,0,0,0,0,1,0.998580813407898
49,3,0,7,0,0,1,4.476456017363834,0,2,1,0,0,0.7538957595825195
33,2,0,0,0,0,1,3.90470804437552,0,0,0,0,3,0.8149271011352539
35,2,0,0,0,0,1,3.9760107890420997,0,0,0,0,3,0.8149271011352539
38,2,0,0,0,0,1,4.095968631579971,0,0,0,1,1,0.9958551526069641
40,2,0,0,0,0,1,4.0775671571169285,0,0,0,1,1,0.9958551526069641
35,2,0,0,0,0,1,3.7614457889184734,0,0,0,0,1,0.9322210550308228
37,2,0,0,0,0,1,3.841096866085959,0,0,0,0,1,0.9322210550308228
22,1,0,2,0,0,0,3.5160276412662297,0,2,0,1,3,0.9963598847389221
101,1,1,42,0,0,0,5.021256879906957,0,2,0,1,3,0.9963598847389221
40,1,1,8,0,0,0,4.562814895472355,0,0,0,0,7,0.9980061650276184
40,1,1,8,0,0,0,4.462814895472355,0,0,0,0,7,0.9982860684394836
40,1,1,8,0,0,0,4.443942707918268,0,0,0,0,7,0.9984506368637085
40,1,1,8,0,0,0,4.5128148954723555,0,0,0,0,7,0.99800044298172
40,1,1,8,0,0,0,4.462814895472355,0,0,0,0,7,0.9983639121055603
40,1,1,8,0,0,0,4.462814895472355,0,0,0,0,7,0.9981783628463745
40,1,1,8,0,0,0,4.443942707918268,0,0,0,0,7,0.9980335831642151
36,1,0,8,0,0,0,4.215354779870081,0,0,0,0,7,0.9981644749641418
36,1,0,8,0,0,0,4.138830127032207,0,0,0,0,8,0.9980111122131348
44,2,1,8,0,0,1,4.542055982805471,0,0,0,0,7,0.9980061650276184
44,2,1,8,0,0,1,4.45114689189638,0,0,0,0,7,0.9982860684394836
44,2,1,8,0,0,1,4.4339903577563025,0,0,0,0,7,0.9984506368637085
44,2,1,8,0,0,1,4.496601437350926,0,0,0,0,7,0.99800044298172
44,2,1,8,0,0,1,4.451146891896381,0,0,0,0,7,0.9983639121055603
44,2,1,8,0,0,1,4.45114689189638,0,0,0,0,7,0.9981783628463745
44,2,1,8,0,0,1,4.4339903577563025,0,0,0,0,7,0.9980335831642151
40,2,0,8,0,0,1,4.212814895472355,0,0,0,0,7,0.9981644749641418
40,2,0,8,0,0,1,4.143942707918268,0,0,0,0,8,0.9980111122131348
21,1,0,0,0,0,0,3.844232898763191,1,1,0,0,17,0.9965853691101074
21,1,0,0,0,0,0,3.748994803525096,1,1,0,0,21,0.9845842719078064
21,1,0,1,0,0,0,3.975418017913832,1,1,0,0,21,0.9845842719078064
21,1,0,0,0,0,0,3.784941827437642,1,11,0,0,23,0.9914828538894653
79,2,1,4,0,0,1,4.619821020620157,0,2,0,1,0,0.9839629530906677
21,1,0,2,0,0,0,3.5585186130489057,1,4,1,0,4,0.9934681057929993
55,2,0,0,0,0,0,4.083467386520038,1,4,1,0,4,0.9934681057929993
20,1,0,1,0,0,0,3.646439344671015,1,3,1,0,5,0.9987804293632507
45,2,0,0,0,0,1,4.01708580796078,1,3,1,0,5,0.9987804293632507
20,1,0,2,0,0,0,3.746439344671015,1,3,0,0,0,0.9908111095428467
49,2,0,0,0,0,1,4.123004049629477,1,3,0,0,0,0.9908111095428467
36,2,0,0,0,0,1,4.141604167868593,0,0,0,0,3,0.999576985836029
46,3,0,0,0,0,1,4.23260373898627,0,0,0,0,3,0.999576985836029
21,1,0,1,0,0,0,3.939470994001286,0,2,0,0,1,0.9990335702896118
27,2,0,3,0,0,1,4.106377316818027,0,2,0,0,1,0.9990335702896118
20,1,0,0,0,0,0,3.6841837197791887,0,0,0,0,3,0.8505364656448364
20,1,0,0,0,0,0,3.6841837197791887,0,0,0,0,3,0.8505364656448364
22,1,0,0,0,0,0,3.7544418457133446,1,1,0,0,8,0.9949290752410889
52,3,0,12,0,0,2,4.52940408372607,0,1,0,1,0,0.9959243535995483
22,1,0,0,0,0,0,3.606936732175321,1,1,0,0,8,0.9949290752410889
53,2,0,10,0,0,1,4.522744926621176,0,2,0,1,2,0.9969280362129211
22,1,0,0,0,0,0,3.754441845713344,1,1,0,0,8,0.9949290752410889
46,2,0,10,0,0,1,4.4393379782107685,0,1,0,1,0,0.9915184378623962
27,1,0,2,0,0,0,4.3565583354166755,0,0,0,0,0,0.9996775388717651
28,1,0,1,0,0,0,4.253434386188785,0,0,0,0,4,0.9990473389625549
28,1,0,2,0,0,0,4.110577243331642,0,0,0,0,4,0.9990473389625549
57,2,0,7,1,0,1,4.994741987659172,1,1,0,0,3,0.9920863509178162
22,1,0,0,0,0,0,4.061482186720775,0,0,0,1,2,0.960365891456604
30,2,0,0,0,0,1,4.12323142879762,1,8,0,0,3,0.9911982417106628
84,2,1,11,0,0,1,5.258289077943269,0,2,0,1,2,0.9994370341300964
84,2,1,7,0,0,1,5.231794286405379,0,2,0,1,2,0.999524712562561
84,2,1,9,0,0,1,5.191200125283748,0,2,0,1,2,0.9994977712631226
84,2,1,5,0,0,1,5.281791083312758,0,2,0,1,2,0.9994354844093323
84,2,0,9,0,0,1,5.1345943216865635,0,2,0,1,2,0.9994977712631226
84,2,0,5,0,0,1,5.114243060441961,0,2,0,1,2,0.9995236396789551
84,2,0,7,0,0,1,5.220845660946522,0,2,0,1,2,0.9995236396789551
84,2,0,10,0,0,1,5.124418691064262,0,2,0,1,2,0.9994264841079712
84,2,1,13,0,0,1,5.215009649093272,0,2,0,1,2,0.9995236396789551
84,2,0,3,0,0,1,5.181024494661446,0,2,0,1,2,0.9994317889213562
84,2,0,7,0,0,1,5.181024494661446,0,2,0,1,2,0.9993288516998291
84,2,1,5,0,0,1,5.115124416646091,0,2,0,1,2,0.9994753003120422
84,2,0,14,0,0,1,5.0974584231298525,0,2,0,1,2,0.9995236396789551
84,2,1,13,0,0,1,5.1017980418989035,0,2,0,1,2,0.9995236396789551
84,2,1,7,0,0,1,5.139241458895649,0,2,0,1,2,0.9994482398033142
84,2,0,11,0,0,1,5.157214970851923,0,2,0,1,2,0.9993425011634827
84,2,2,7,0,0,1,5.215009649093272,0,2,0,1,2,0.9993422627449036
84,2,1,7,0,0,1,5.339893279994142,0,2,0,1,2,0.99933260679245
28,1,1,1,0,0,0,4.110577243331643,1,2,0,1,16,0.9956965446472168
34,2,1,1,0,0,0,4.1162996057016965,1,2,0,1,16,0.9956965446472168
57,2,1,0,0,0,1,4.368259427228529,0,0,0,0,0,0.886996328830719
248,2,3,26,0,0,1,5.874277421092573,1,5,0,0,4,0.9976170063018799
28,1,1,1,0,0,0,4.110577243331643,1,2,0,1,16,0.9956965446472168
34,2,1,1,0,0,0,4.1162996057016965,1,2,0,1,16,0.9956965446472168
40,2,2,0,0,0,1,4.112814895472355,0,0,0,0,16,0.9990585446357727
33,2,1,0,0,0,1,3.9801694078807643,0,0,0,0,12,0.9831022620201111
32,2,1,0,0,0,1,3.9917292966721747,0,1,0,1,21,0.9887354969978333
27,1,0,0,0,0,0,3.9861879650463035,1,2,0,1,16,0.9956965446472168
33,2,0,0,0,0,0,4.0060710131011685,1,2,0,1,16,0.9956965446472168
35,2,0,0,0,0,1,4.093149802473811,0,0,0,0,16,0.9361392259597778
35,2,0,0,0,0,1,4.057575159678482,0,0,0,0,0,0.9804236888885498
29,2,0,0,0,0,1,4.142295219190901,1,1,1,0,0,0.9814510941505432
36,2,0,4,0,0,1,4.18354236243323,0,0,0,0,1,0.9138696789741516
50,3,0,1,0,0,1,4.623465189601648,1,3,0,0,2,0.9917930960655212
40,2,1,2,0,0,1,4.184183719779189,0,0,0,0,2,0.9387837052345276
55,2,3,0,0,0,1,4.251560341026156,0,0,0,0,0,0.9995619654655457
29,2,1,0,0,0,1,4.142295219190902,1,8,0,0,2,0.9933737516403198
24,1,1,0,0,0,0,3.5739348962840563,0,0,0,0,0,0.9384305477142334
32,1,1,8,0,0,0,3.9681390622295662,0,0,0,0,0,0.9384305477142334
57,2,1,0,0,0,1,4.368259427228529,0,0,0,0,0,0.886996328830719
69,3,1,0,0,0,1,4.498472515766562,0,0,0,0,6,0.9504557847976685
25,1,1,0,0,0,0,3.5630741894285682,0,0,0,0,0,0.9384305477142334
33,1,1,8,0,0,0,3.9603202553942918,0,0,0,0,0,0.9384305477142334
23,1,1,0,0,0,0,3.2618423904633667,0,0,0,0,0,0.9384305477142334
31,1,1,8,0,0,0,3.7356660681024443,0,0,0,0,0,0.9384305477142334
24,1,1,0,0,0,0,3.3758145836939115,0,0,0,0,0,0.9384305477142334
32,1,1,8,0,0,0,3.819548827786958,0,0,0,0,0,0.9384305477142334
113,2,0,7,0,0,1,5.311015083423823,1,23,0,0,14,0.9797890782356262
32,1,0,0,0,0,0,4.288909765557392,0,0,0,0,4,0.9990473389625549
57,2,0,0,0,0,1,4.074033112611565,0,0,0,0,0,0.9995619654655457
64,2,0,0,0,0,1,4.173283352803367,0,0,0,0,0,0.9995619654655457
35,2,0,4,0,0,1,4.107156230921613,0,0,0,0,0,0.9995619654655457
26,2,0,5,0,0,1,3.8731406795131327,1,2,0,1,17,0.9956965446472168
37,3,0,5,0,0,1,3.982856663324784,1,2,0,1,17,0.9956965446472168
28,2,0,5,0,0,1,3.7803946541231945,1,2,0,1,17,0.9956965446472168
39,3,0,5,0,0,1,3.935935796218897,1,2,0,1,17,0.9956965446472168
31,2,0,5,0,0,1,4.1313003425053605,1,2,0,1,17,0.9956965446472168
42,3,0,5,0,0,1,4.150913482602151,1,2,0,1,17,0.9956965446472168
30,2,0,5,0,0,1,4.148394345536403,1,2,0,1,17,0.9956965446472168
41,3,0,5,0,0,1,4.153062297660665,1,2,0,1,17,0.9956965446472168

